date,country,sentiment_category
1992-08-17,australia,1
1994-09-26,australia,0
1994-11-23,australia,0
1995-09-25,australia,1
1995-10-19,australia,0
1996-07-05,australia,0
1996-08-15,australia,1
1996-09-25,australia,1
1996-11-20,australia,1
1997-08-12,australia,1
1997-09-29,australia,0
1998-09-15,australia,0
1999-11-11,australia,-1
2000-03-14,australia,1
2000-09-11,australia,0
2001-09-18,australia,0
2002-03-22,australia,0
2002-08-21,australia,0
2003-06-06,australia,0
2004-08-25,australia,0
2005-03-23,australia,1
2005-05-07,australia,0
2005-05-12,australia,0
2006-04-28,australia,0
2007-12-11,australia,0
2008-03-14,australia,0
2008-04-15,australia,0
2008-05-15,australia,0
2008-07-09,australia,0
2009-03-25,australia,0
2009-12-08,australia,1
2010-02-08,australia,1
2010-08-17,australia,1
2010-09-20,australia,0
2011-02-11,australia,0
2011-04-14,australia,1
2011-08-26,australia,0
2011-11-24,australia,0
2011-12-08,australia,1
2012-05-28,australia,1
2012-11-30,australia,1
2013-03-26,australia,1
2014-06-10,australia,0
2014-09-25,australia,1
2014-10-23,australia,1
2015-02-09,australia,1
2015-04-28,australia,1
2015-06-30,australia,0
2015-08-26,australia,1
2017-12-13,australia,1
2018-08-21,australia,1
2019-02-22,australia,0
2019-08-09,australia,0
2020-05-28,australia,1
2020-12-07,australia,1
2021-10-22,australia,1
2021-12-09,australia,1
1998-10-27,canada,1
2002-10-05,canada,0
2003-06-11,canada,1
2003-11-03,canada,1
2004-04-22,canada,1
2004-05-18,canada,1
2004-06-24,canada,1
2004-10-21,canada,1
2004-11-24,canada,1
2005-03-21,canada,1
2005-11-28,canada,1
2006-03-30,canada,0
2006-06-29,canada,1
2007-02-01,canada,1
2007-02-20,canada,1
2007-04-12,canada,0
2007-05-15,canada,1
2008-01-08,canada,0
2008-11-10,canada,0
2009-09-23,canada,1
2010-05-26,canada,0
2011-06-06,canada,1
2011-06-20,canada,1
2011-07-22,canada,1
2011-08-23,canada,0
2011-11-02,canada,0
2011-11-14,canada,1
2012-02-07,canada,1
2012-03-26,canada,1
2012-05-07,canada,0
2012-08-21,canada,1
2012-11-07,canada,1
2013-11-07,canada,0
2013-11-07,canada,1
2013-11-19,canada,1
2014-03-24,canada,0
2014-04-02,canada,0
2014-06-27,canada,1
2014-11-13,canada,0
2014-12-11,canada,1
2015-02-17,canada,1
2015-05-05,canada,0
2015-05-14,canada,1
2015-10-27,canada,1
2015-11-13,canada,1
2016-05-06,canada,1
2016-06-17,canada,1
2016-12-08,canada,1
2016-12-15,canada,0
2017-01-31,canada,0
2017-02-09,canada,0
2017-04-07,canada,1
2017-06-28,canada,0
2017-09-14,canada,1
2017-09-14,canada,0
2017-11-15,canada,1
2018-03-01,canada,1
2018-03-08,canada,1
2018-05-09,canada,1
2018-06-18,canada,1
2018-06-27,canada,1
2018-10-01,canada,0
2018-10-25,canada,0
2018-11-19,canada,1
2018-11-20,canada,1
2018-11-29,canada,1
2019-02-21,canada,0
2019-05-06,canada,1
2019-11-12,canada,1
2019-12-12,canada,0
2020-02-25,canada,1
2020-05-01,canada,1
2020-05-01,canada,1
2020-05-01,canada,1
2020-05-25,canada,-1
2020-08-25,canada,1
2020-08-26,canada,1
2020-11-17,canada,1
2020-12-10,canada,1
2021-02-10,canada,1
2021-09-09,canada,0
2021-11-29,canada,1
2021-12-15,canada,1
2022-02-02,canada,1
2022-05-03,canada,1
2022-11-02,canada,1
1997-04-22,euro area,1
1997-04-30,euro area,1
1997-05-13,euro area,1
1997-06-02,euro area,1
1997-06-30,euro area,1
1997-09-12,euro area,1
1997-09-22,euro area,1
1997-10-13,euro area,1
1997-10-22,euro area,1
1997-11-10,euro area,1
1997-11-15,euro area,0
1998-01-16,euro area,1
1998-01-19,euro area,1
1998-01-30,euro area,1
1998-02-16,euro area,1
1998-03-05,euro area,0
1998-06-30,euro area,1
1998-07-08,euro area,1
1998-07-15,euro area,1
1998-09-03,euro area,0
1998-09-18,euro area,1
1998-09-18,euro area,1
1998-09-22,euro area,1
1998-09-23,euro area,1
1998-10-06,euro area,0
1998-11-03,euro area,0
1998-11-06,euro area,1
1998-11-12,euro area,1
1998-11-12,euro area,1
1998-12-01,euro area,0
1998-12-03,euro area,1
1998-12-03,euro area,0
1998-12-04,euro area,1
1998-12-07,euro area,1
1998-12-08,euro area,1
1998-12-22,euro area,1
1998-12-31,euro area,1
1999-01-15,euro area,1
1999-01-18,euro area,0
1999-01-28,euro area,1
1999-02-09,euro area,0
1999-02-24,euro area,0
1999-03-09,euro area,1
1999-03-10,euro area,1
1999-03-17,euro area,0
1999-03-25,euro area,1
1999-04-14,euro area,1
1999-04-15,euro area,0
1999-04-15,euro area,0
1999-04-19,euro area,0
1999-05-03,euro area,1
1999-05-04,euro area,1
1999-05-07,euro area,1
1999-05-20,euro area,1
1999-05-24,euro area,1
1999-05-27,euro area,0
1999-06-17,euro area,0
1999-06-25,euro area,1
1999-06-30,euro area,1
1999-07-19,euro area,1
1999-08-27,euro area,1
1999-09-04,euro area,1
1999-09-10,euro area,1
1999-09-13,euro area,1
1999-09-18,euro area,1
1999-09-20,euro area,0
1999-09-24,euro area,0
1999-09-26,euro area,1
1999-10-11,euro area,1
1999-10-15,euro area,0
1999-10-25,euro area,1
1999-11-11,euro area,1
1999-11-12,euro area,0
1999-11-15,euro area,1
1999-11-16,euro area,1
1999-11-19,euro area,0
1999-11-19,euro area,1
1999-11-29,euro area,1
1999-12-03,euro area,1
1999-12-03,euro area,1
1999-12-03,euro area,0
2000-01-13,euro area,1
2000-02-10,euro area,0
2000-03-08,euro area,0
2000-04-07,euro area,0
2000-04-29,euro area,0
2000-05-05,euro area,1
2000-05-12,euro area,1
2000-05-22,euro area,1
2000-05-30,euro area,1
2000-06-05,euro area,1
2000-06-15,euro area,1
2000-06-20,euro area,1
2000-06-26,euro area,0
2000-06-28,euro area,0
2000-07-05,euro area,1
2000-08-26,euro area,0
2000-09-12,euro area,1
2000-09-17,euro area,1
2000-09-18,euro area,1
2000-09-22,euro area,-1
2000-09-23,euro area,1
2000-09-29,euro area,0
2000-10-12,euro area,1
2000-10-26,euro area,1
2000-11-09,euro area,0
2000-11-17,euro area,1
2000-11-22,euro area,1
2000-11-23,euro area,1
2000-12-01,euro area,0
2000-12-11,euro area,0
2000-12-19,euro area,1
2000-12-21,euro area,1
2001-01-17,euro area,1
2001-01-24,euro area,1
2001-02-02,euro area,1
2001-02-26,euro area,1
2001-03-05,euro area,0
2001-03-06,euro area,0
2001-04-02,euro area,0
2001-05-15,euro area,1
2001-05-18,euro area,1
2001-05-21,euro area,1
2001-05-28,euro area,0
2001-06-08,euro area,1
2001-06-20,euro area,0
2001-06-29,euro area,1
2001-08-30,euro area,1
2001-08-30,euro area,1
2001-09-05,euro area,1
2001-09-12,euro area,0
2001-09-14,euro area,0
2001-09-17,euro area,1
2001-09-18,euro area,1
2001-09-26,euro area,1
2001-10-09,euro area,1
2001-10-15,euro area,1
2001-10-16,euro area,1
2001-10-17,euro area,1
2001-11-14,euro area,1
2001-11-16,euro area,1
2001-11-19,euro area,1
2001-11-22,euro area,1
2001-11-29,euro area,1
2001-12-05,euro area,1
2001-12-17,euro area,0
2001-12-18,euro area,0
2002-01-21,euro area,0
2002-01-24,euro area,1
2002-02-13,euro area,1
2002-02-21,euro area,0
2002-02-28,euro area,0
2002-03-09,euro area,1
2002-03-20,euro area,0
2002-03-26,euro area,1
2002-04-19,euro area,1
2002-04-24,euro area,1
2002-04-29,euro area,1
2002-04-30,euro area,1
2002-05-08,euro area,1
2002-05-09,euro area,1
2002-05-20,euro area,0
2002-05-21,euro area,1
2002-05-24,euro area,1
2002-06-10,euro area,0
2002-06-29,euro area,1
2002-07-05,euro area,-1
2002-07-10,euro area,0
2002-08-30,euro area,0
2002-09-17,euro area,1
2002-10-24,euro area,1
2002-11-11,euro area,1
2002-11-13,euro area,1
2002-11-18,euro area,1
2002-11-22,euro area,1
2002-11-22,euro area,1
2002-11-27,euro area,1
2002-12-02,euro area,0
2002-12-09,euro area,0
2002-12-16,euro area,1
2003-03-10,euro area,1
2003-03-27,euro area,1
2003-03-29,euro area,0
2003-04-02,euro area,1
2003-04-28,euro area,1
2003-05-16,euro area,1
2003-05-23,euro area,0
2003-06-12,euro area,0
2003-06-12,euro area,1
2003-06-13,euro area,0
2003-06-30,euro area,1
2003-07-02,euro area,0
2003-07-07,euro area,1
2003-07-11,euro area,1
2003-08-20,euro area,1
2003-09-05,euro area,1
2003-09-16,euro area,1
2003-10-09,euro area,1
2003-10-13,euro area,1
2003-10-17,euro area,1
2003-10-24,euro area,1
2003-10-27,euro area,1
2003-10-29,euro area,0
2003-11-03,euro area,1
2003-11-03,euro area,1
2003-11-13,euro area,1
2003-12-03,euro area,1
2003-12-10,euro area,1
2004-01-15,euro area,1
2004-01-16,euro area,1
2004-02-02,euro area,1
2004-02-20,euro area,1
2004-02-20,euro area,1
2004-03-04,euro area,1
2004-03-05,euro area,1
2004-03-22,euro area,1
2004-04-05,euro area,0
2004-04-22,euro area,1
2004-04-23,euro area,1
2004-04-26,euro area,1
2004-05-10,euro area,1
2004-05-11,euro area,1
2004-05-12,euro area,0
2004-05-13,euro area,0
2004-05-14,euro area,1
2004-06-23,euro area,1
2004-06-25,euro area,1
2004-06-29,euro area,1
2004-07-09,euro area,1
2004-08-11,euro area,1
2004-09-06,euro area,1
2004-09-10,euro area,0
2004-09-21,euro area,1
2004-10-05,euro area,1
2004-10-20,euro area,0
2004-10-21,euro area,1
2004-10-22,euro area,1
2004-11-03,euro area,1
2004-11-11,euro area,-1
2004-11-11,euro area,1
2004-12-03,euro area,1
2004-12-15,euro area,0
2005-01-20,euro area,1
2005-01-20,euro area,1
2005-01-25,euro area,1
2005-01-28,euro area,1
2005-03-01,euro area,1
2005-03-10,euro area,1
2005-04-25,euro area,1
2005-05-06,euro area,1
2005-05-26,euro area,1
2005-05-31,euro area,1
2005-06-03,euro area,1
2005-06-08,euro area,0
2005-06-16,euro area,1
2005-06-17,euro area,1
2005-06-23,euro area,1
2005-07-06,euro area,1
2005-07-18,euro area,1
2005-08-06,euro area,1
2005-09-30,euro area,1
2005-10-03,euro area,1
2005-10-03,euro area,1
2005-10-10,euro area,0
2005-10-21,euro area,1
2005-10-28,euro area,1
2005-10-28,euro area,1
2005-10-28,euro area,1
2005-11-06,euro area,1
2005-11-15,euro area,1
2005-11-18,euro area,1
2005-11-28,euro area,1
2005-12-08,euro area,0
2005-12-16,euro area,1
2006-01-13,euro area,1
2006-01-18,euro area,0
2006-02-02,euro area,1
2006-02-24,euro area,1
2006-02-27,euro area,1
2006-03-01,euro area,1
2006-03-09,euro area,1
2006-03-16,euro area,1
2006-03-17,euro area,0
2006-03-24,euro area,1
2006-04-03,euro area,1
2006-05-04,euro area,1
2006-05-05,euro area,1
2006-05-05,euro area,1
2006-05-08,euro area,0
2006-05-11,euro area,1
2006-06-07,euro area,1
2006-06-08,euro area,0
2006-06-15,euro area,1
2006-06-29,euro area,1
2006-06-29,euro area,1
2006-07-17,euro area,1
2006-09-07,euro area,1
2006-09-18,euro area,1
2006-09-29,euro area,1
2006-10-04,euro area,-1
2006-10-24,euro area,1
2006-10-26,euro area,1
2006-10-26,euro area,0
2006-10-27,euro area,1
2006-11-09,euro area,0
2006-11-09,euro area,1
2006-11-10,euro area,1
2006-11-10,euro area,1
2006-11-13,euro area,1
2006-11-15,euro area,0
2006-11-17,euro area,1
2006-11-30,euro area,1
2006-11-30,euro area,1
2006-12-01,euro area,0
2006-12-18,euro area,1
2007-01-15,euro area,1
2007-01-19,euro area,1
2007-01-25,euro area,1
2007-02-13,euro area,1
2007-02-16,euro area,1
2007-02-27,euro area,1
2007-03-23,euro area,1
2007-04-18,euro area,1
2007-04-19,euro area,0
2007-05-09,euro area,1
2007-05-15,euro area,1
2007-05-24,euro area,0
2007-06-01,euro area,1
2007-06-01,euro area,1
2007-06-15,euro area,0
2007-06-22,euro area,1
2007-06-28,euro area,0
2007-07-03,euro area,1
2007-07-10,euro area,1
2007-07-12,euro area,1
2007-09-07,euro area,1
2007-09-07,euro area,1
2007-09-21,euro area,1
2007-09-21,euro area,0
2007-09-27,euro area,1
2007-09-30,euro area,1
2007-10-09,euro area,1
2007-10-26,euro area,0
2007-11-12,euro area,0
2007-11-19,euro area,1
2007-11-20,euro area,1
2007-11-20,euro area,-1
2007-11-26,euro area,1
2007-11-30,euro area,1
2007-12-07,euro area,1
2007-12-12,euro area,1
2008-01-16,euro area,1
2008-01-22,euro area,1
2008-01-23,euro area,1
2008-01-24,euro area,0
2008-02-13,euro area,1
2008-02-13,euro area,1
2008-02-25,euro area,1
2008-03-07,euro area,0
2008-03-18,euro area,1
2008-03-20,euro area,1
2008-04-17,euro area,1
2008-04-21,euro area,1
2008-04-24,euro area,1
2008-04-24,euro area,1
2008-04-25,euro area,1
2008-04-29,euro area,1
2008-05-06,euro area,1
2008-05-15,euro area,1
2008-06-02,euro area,1
2008-06-11,euro area,0
2008-06-12,euro area,1
2008-06-16,euro area,1
2008-06-26,euro area,0
2008-09-01,euro area,1
2008-09-03,euro area,0
2008-09-08,euro area,1
2008-09-09,euro area,1
2008-09-11,euro area,1
2008-09-11,euro area,1
2008-09-15,euro area,1
2008-09-21,euro area,1
2008-09-25,euro area,-1
2008-11-12,euro area,1
2008-11-18,euro area,1
2008-11-26,euro area,1
2009-01-09,euro area,-1
2009-02-02,euro area,1
2009-02-12,euro area,0
2009-03-16,euro area,1
2009-03-24,euro area,1
2009-04-03,euro area,1
2009-05-27,euro area,-1
2009-06-04,euro area,1
2009-06-19,euro area,0
2009-06-24,euro area,-1
2009-07-16,euro area,1
2009-07-16,euro area,1
2009-09-04,euro area,0
2009-09-09,euro area,1
2009-09-11,euro area,0
2009-09-16,euro area,0
2009-09-24,euro area,1
2009-09-25,euro area,0
2009-09-30,euro area,1
2009-11-09,euro area,1
2009-11-17,euro area,1
2009-11-17,euro area,1
2009-11-19,euro area,1
2009-12-11,euro area,1
2009-12-27,euro area,1
2010-02-09,euro area,1
2010-02-11,euro area,1
2010-02-24,euro area,-1
2010-02-25,euro area,0
2010-02-26,euro area,0
2010-03-10,euro area,1
2010-03-15,euro area,1
2010-04-12,euro area,1
2010-04-19,euro area,1
2010-05-05,euro area,1
2010-05-06,euro area,1
2010-05-19,euro area,1
2010-06-11,euro area,1
2010-06-14,euro area,1
2010-07-09,euro area,0
2010-09-03,euro area,0
2010-09-19,euro area,1
2010-09-27,euro area,1
2010-09-27,euro area,0
2010-09-29,euro area,1
2010-09-29,euro area,0
2010-09-29,euro area,1
2010-10-08,euro area,-1
2010-10-18,euro area,1
2010-10-19,euro area,1
2010-10-20,euro area,1
2010-10-25,euro area,0
2010-11-15,euro area,1
2010-11-16,euro area,1
2010-11-18,euro area,0
2010-11-19,euro area,1
2010-11-25,euro area,1
2010-12-08,euro area,1
2011-01-28,euro area,0
2011-02-01,euro area,1
2011-02-11,euro area,1
2011-02-18,euro area,1
2011-03-04,euro area,0
2011-03-10,euro area,1
2011-03-11,euro area,1
2011-03-23,euro area,1
2011-04-04,euro area,1
2011-04-12,euro area,1
2011-05-23,euro area,0
2011-06-15,euro area,-1
2011-06-16,euro area,0
2011-06-27,euro area,1
2011-07-08,euro area,-1
2011-07-22,euro area,1
2011-08-31,euro area,1
2011-09-15,euro area,-1
2011-09-16,euro area,1
2011-10-05,euro area,0
2011-10-17,euro area,-1
2011-10-21,euro area,0
2011-10-24,euro area,1
2011-11-10,euro area,-1
2011-11-14,euro area,1
2011-11-15,euro area,0
2011-12-01,euro area,0
2011-12-19,euro area,1
2012-04-17,euro area,1
2012-04-17,euro area,0
2012-04-27,euro area,1
2012-05-08,euro area,1
2012-06-01,euro area,1
2012-06-14,euro area,1
2012-07-06,euro area,0
2012-07-17,euro area,0
2012-07-26,euro area,1
2012-09-06,euro area,1
2012-09-07,euro area,0
2012-09-11,euro area,0
2012-10-01,euro area,1
2012-10-10,euro area,0
2012-10-13,euro area,1
2012-10-22,euro area,1
2012-10-26,euro area,0
2012-10-30,euro area,0
2012-11-19,euro area,0
2012-11-21,euro area,1
2012-12-01,euro area,0
2012-12-03,euro area,1
2012-12-06,euro area,-1
2013-01-10,euro area,1
2013-01-29,euro area,1
2013-01-31,euro area,1
2013-02-07,euro area,1
2013-02-12,euro area,1
2013-02-13,euro area,1
2013-02-27,euro area,0
2013-03-04,euro area,1
2013-03-20,euro area,0
2013-03-25,euro area,1
2013-04-05,euro area,0
2013-05-03,euro area,1
2013-05-06,euro area,0
2013-05-23,euro area,1
2013-05-24,euro area,1
2013-06-26,euro area,1
2013-06-27,euro area,0
2013-08-06,euro area,0
2013-09-04,euro area,1
2013-09-06,euro area,0
2013-09-11,euro area,0
2013-09-26,euro area,1
2013-09-26,euro area,1
2013-09-27,euro area,0
2013-09-30,euro area,0
2013-10-03,euro area,0
2013-10-09,euro area,1
2013-10-12,euro area,1
2013-10-17,euro area,1
2013-10-25,euro area,1
2013-11-08,euro area,1
2013-11-12,euro area,1
2013-11-18,euro area,0
2013-11-22,euro area,1
2013-11-28,euro area,1
2013-12-09,euro area,1
2013-12-10,euro area,1
2014-01-15,euro area,0
2014-02-03,euro area,1
2014-03-24,euro area,1
2014-03-31,euro area,1
2014-04-13,euro area,0
2014-05-14,euro area,0
2014-05-23,euro area,1
2014-05-27,euro area,0
2014-05-31,euro area,0
2014-06-04,euro area,1
2014-06-11,euro area,1
2014-06-23,euro area,1
2014-06-24,euro area,0
2014-09-03,euro area,1
2014-09-08,euro area,0
2014-09-08,euro area,1
2014-09-30,euro area,0
2014-10-17,euro area,0
2014-10-22,euro area,0
2014-10-22,euro area,1
2014-11-24,euro area,0
2014-11-29,euro area,-1
2014-12-19,euro area,0
2015-01-25,euro area,1
2015-02-24,euro area,1
2015-03-16,euro area,1
2015-03-18,euro area,1
2015-03-23,euro area,1
2015-03-31,euro area,1
2015-04-11,euro area,0
2015-04-21,euro area,0
2015-04-24,euro area,1
2015-06-04,euro area,0
2015-06-16,euro area,1
2015-07-02,euro area,1
2015-07-03,euro area,1
2015-09-10,euro area,0
2015-09-10,euro area,1
2015-09-24,euro area,-1
2015-10-01,euro area,0
2015-10-06,euro area,1
2015-10-14,euro area,1
2015-10-16,euro area,1
2015-10-20,euro area,1
2015-10-26,euro area,1
2015-10-29,euro area,0
2015-11-02,euro area,1
2015-11-02,euro area,0
2015-11-04,euro area,0
2015-11-04,euro area,0
2015-11-12,euro area,1
2015-11-16,euro area,0
2015-11-17,euro area,1
2015-11-18,euro area,1
2015-11-22,euro area,0
2016-01-13,euro area,1
2016-01-13,euro area,1
2016-01-25,euro area,1
2016-01-27,euro area,1
2016-01-27,euro area,0
2016-02-01,euro area,0
2016-02-04,euro area,-1
2016-02-16,euro area,1
2016-02-22,euro area,0
2016-03-01,euro area,1
2016-03-22,euro area,1
2016-04-25,euro area,1
2016-04-26,euro area,1
2016-05-02,euro area,0
2016-06-01,euro area,0
2016-06-06,euro area,1
2016-06-06,euro area,1
2016-06-07,euro area,1
2016-06-20,euro area,1
2016-06-21,euro area,1
2016-07-05,euro area,1
2016-08-27,euro area,1
2016-09-26,euro area,1
2016-09-27,euro area,1
2016-11-07,euro area,0
2016-11-15,euro area,-1
2016-12-06,euro area,1
2017-01-06,euro area,1
2017-01-24,euro area,1
2017-01-31,euro area,1
2017-03-02,euro area,1
2017-03-13,euro area,0
2017-03-22,euro area,0
2017-03-27,euro area,0
2017-03-28,euro area,1
2017-03-30,euro area,0
2017-04-04,euro area,1
2017-05-04,euro area,0
2017-05-11,euro area,0
2017-05-31,euro area,1
2017-06-01,euro area,1
2017-06-13,euro area,0
2017-06-19,euro area,1
2017-06-19,euro area,1
2017-06-28,euro area,0
2017-06-30,euro area,1
2017-07-26,euro area,1
2017-08-22,euro area,0
2017-08-23,euro area,1
2017-09-04,euro area,1
2017-09-18,euro area,0
2017-09-22,euro area,0
2017-09-25,euro area,1
2017-09-25,euro area,1
2017-09-28,euro area,0
2017-10-09,euro area,0
2017-10-14,euro area,-1
2017-11-03,euro area,1
2017-11-14,euro area,0
2017-11-16,euro area,0
2017-11-20,euro area,0
2017-11-24,euro area,1
2017-12-16,euro area,0
2018-01-29,euro area,1
2018-01-30,euro area,0
2018-02-08,euro area,0
2018-02-14,euro area,1
2018-02-15,euro area,0
2018-02-22,euro area,1
2018-02-26,euro area,0
2018-02-27,euro area,1
2018-03-09,euro area,1
2018-03-09,euro area,1
2018-03-15,euro area,-1
2018-03-22,euro area,1
2018-04-11,euro area,0
2018-04-27,euro area,1
2018-05-14,euro area,1
2018-05-14,euro area,-1
2018-05-25,euro area,0
2018-05-29,euro area,1
2018-06-08,euro area,1
2018-06-15,euro area,0
2018-06-26,euro area,1
2018-07-10,euro area,1
2018-09-03,euro area,0
2018-09-06,euro area,1
2018-09-06,euro area,0
2018-09-25,euro area,0
2018-09-27,euro area,1
2018-10-03,euro area,1
2018-10-12,euro area,0
2018-10-30,euro area,0
2018-11-05,euro area,1
2018-11-06,euro area,1
2018-11-08,euro area,-1
2018-11-13,euro area,1
2018-11-15,euro area,1
2018-11-28,euro area,1
2018-12-14,euro area,1
2019-01-17,euro area,0
2019-02-04,euro area,0
2019-02-07,euro area,1
2019-02-13,euro area,0
2019-02-20,euro area,-1
2019-02-26,euro area,1
2019-02-27,euro area,0
2019-03-12,euro area,1
2019-03-27,euro area,0
2019-03-27,euro area,0
2019-04-17,euro area,0
2019-05-29,euro area,1
2019-06-14,euro area,1
2019-08-27,euro area,1
2019-09-02,euro area,1
2019-09-04,euro area,1
2019-09-04,euro area,1
2019-09-17,euro area,1
2019-09-25,euro area,-1
2019-10-11,euro area,0
2019-10-11,euro area,1
2019-10-16,euro area,0
2019-10-17,euro area,1
2019-11-04,euro area,1
2019-11-12,euro area,1
2019-11-15,euro area,-1
2019-11-15,euro area,0
2019-11-21,euro area,-1
2019-11-25,euro area,0
2019-11-25,euro area,0
2019-11-27,euro area,0
2019-11-28,euro area,0
2019-12-13,euro area,1
2019-12-16,euro area,1
2020-01-08,euro area,1
2020-01-09,euro area,0
2020-01-16,euro area,1
2020-01-23,euro area,1
2020-02-05,euro area,1
2020-02-17,euro area,1
2020-05-11,euro area,0
2020-05-22,euro area,0
2020-06-22,euro area,0
2020-07-02,euro area,0
2020-07-13,euro area,1
2020-10-01,euro area,0
2020-10-08,euro area,1
2020-10-12,euro area,1
2020-10-14,euro area,0
2020-10-21,euro area,0
2020-11-02,euro area,1
2020-11-04,euro area,0
2020-12-14,euro area,1
2020-12-16,euro area,1
2020-12-17,euro area,1
2021-03-03,euro area,0
2021-04-14,euro area,1
2021-04-29,euro area,1
2021-05-27,euro area,0
2021-06-03,euro area,1
2021-06-15,euro area,1
2021-06-16,euro area,1
2021-06-22,euro area,0
2021-08-26,euro area,0
2021-09-23,euro area,1
2021-09-24,euro area,1
2021-09-30,euro area,0
2021-10-07,euro area,0
2021-10-11,euro area,1
2021-10-12,euro area,1
2021-10-19,euro area,1
2021-10-19,euro area,1
2021-10-20,euro area,1
2021-11-03,euro area,1
2021-11-04,euro area,0
2021-11-11,euro area,0
2021-11-18,euro area,1
2021-11-22,euro area,1
2021-11-24,euro area,0
2021-11-25,euro area,1
2021-11-26,euro area,0
2021-12-08,euro area,0
2022-02-17,euro area,-1
2022-02-18,euro area,1
2022-03-02,euro area,0
2022-03-14,euro area,1
2022-03-17,euro area,1
2022-03-24,euro area,1
2022-03-30,euro area,1
2022-04-27,euro area,1
2022-05-20,euro area,0
2022-05-25,euro area,0
2022-06-01,euro area,0
2022-06-11,euro area,0
2022-06-15,euro area,0
2022-06-20,euro area,0
2022-06-22,euro area,1
2022-07-02,euro area,0
2022-08-18,euro area,0
2022-09-12,euro area,1
2022-09-17,euro area,0
2022-09-26,euro area,1
2022-09-29,euro area,1
2022-09-29,euro area,1
2022-10-31,euro area,-1
1997-08-29,japan,1
1999-07-29,japan,-1
1999-10-20,japan,0
2000-07-14,japan,1
2002-11-11,japan,1
2003-03-13,japan,1
2004-06-29,japan,1
2004-11-12,japan,1
2004-11-19,japan,1
2005-01-06,japan,1
2005-10-17,japan,1
2006-02-11,japan,1
2006-06-27,japan,1
2007-05-10,japan,1
2007-05-12,japan,0
2007-09-01,japan,0
2008-01-05,japan,0
2008-02-23,japan,1
2008-05-28,japan,-1
2008-09-02,japan,0
2008-11-12,japan,0
2008-11-26,japan,0
2009-05-16,japan,-1
2009-05-27,japan,0
2009-06-09,japan,1
2009-06-26,japan,0
2009-10-21,japan,-1
2009-12-22,japan,-1
2010-09-26,japan,0
2010-10-10,japan,0
2010-10-18,japan,-1
2010-10-27,japan,0
2011-03-04,japan,1
2011-09-30,japan,0
2011-11-11,japan,1
2011-11-30,japan,0
2012-09-06,japan,1
2012-10-09,japan,1
2012-10-14,japan,0
2012-11-14,japan,0
2012-12-03,japan,0
2013-05-29,japan,0
2013-10-12,japan,0
2014-02-27,japan,1
2014-05-28,japan,1
2014-09-12,japan,1
2014-11-12,japan,0
2014-12-02,japan,1
2015-04-23,japan,1
2015-06-10,japan,1
2015-06-16,japan,1
2015-12-07,japan,1
2016-02-26,japan,1
2016-03-17,japan,1
2016-04-14,japan,1
2016-05-12,japan,1
2016-09-30,japan,1
2016-11-18,japan,0
2017-01-11,japan,0
2017-02-28,japan,0
2017-04-21,japan,1
2017-05-22,japan,1
2017-05-24,japan,0
2017-05-27,japan,1
2017-10-04,japan,1
2017-11-01,japan,1
2017-12-04,japan,1
2018-04-16,japan,1
2018-08-03,japan,1
2018-10-15,japan,1
2018-10-20,japan,1
2018-11-30,japan,1
2019-01-17,japan,0
2019-01-17,japan,1
2019-06-08,japan,0
2019-07-05,japan,1
2019-09-04,japan,1
2019-10-10,japan,1
2019-11-28,japan,1
2019-11-28,japan,0
2020-01-30,japan,1
2020-02-27,japan,1
2021-03-16,japan,1
2021-03-25,japan,1
2021-03-26,japan,0
2021-06-08,japan,0
2021-07-27,japan,0
2021-10-05,japan,1
2021-10-15,japan,0
2021-11-29,japan,1
2022-03-29,japan,1
2022-04-13,japan,1
1996-07-06,sweden,1
1996-08-28,sweden,0
1996-09-19,sweden,1
1996-10-17,sweden,0
1996-10-23,sweden,0
1996-10-25,sweden,1
1996-11-22,sweden,0
1997-02-26,sweden,0
1997-03-10,sweden,0
1997-04-15,sweden,0
1997-04-17,sweden,0
1997-05-02,sweden,0
1997-08-22,sweden,0
1997-10-09,sweden,0
1997-10-21,sweden,1
1997-10-22,sweden,0
1997-11-13,sweden,1
1998-02-18,sweden,0
1998-04-03,sweden,0
1998-05-29,sweden,1
1998-08-27,sweden,0
1998-09-29,sweden,0
1998-12-02,sweden,1
1998-12-06,sweden,0
1999-04-21,sweden,1
1999-05-21,sweden,0
1999-09-14,sweden,0
1999-10-06,sweden,0
1999-10-09,sweden,1
1999-10-14,sweden,1
1999-10-29,sweden,1
2000-03-11,sweden,1
2000-03-20,sweden,1
2000-05-04,sweden,1
2000-05-22,sweden,0
2000-05-22,sweden,-1
2000-07-11,sweden,0
2000-08-11,sweden,1
2000-08-26,sweden,-1
2000-09-29,sweden,1
2000-12-10,sweden,1
2001-03-04,sweden,0
2001-03-21,sweden,0
2001-04-09,sweden,0
2001-05-15,sweden,0
2001-09-05,sweden,0
2001-09-25,sweden,0
2001-10-16,sweden,1
2002-01-23,sweden,0
2002-04-17,sweden,0
2002-07-06,sweden,0
2002-09-04,sweden,0
2002-09-16,sweden,0
2002-11-13,sweden,1
2003-04-09,sweden,0
2003-05-23,sweden,1
2003-06-17,sweden,0
2003-10-12,sweden,0
2003-11-25,sweden,0
2004-08-26,sweden,-1
2004-09-23,sweden,1
2004-11-16,sweden,-1
2005-01-25,sweden,1
2005-02-22,sweden,1
2005-05-13,sweden,0
2005-05-24,sweden,0
2005-08-06,sweden,1
2005-08-25,sweden,1
2005-09-15,sweden,0
2005-10-06,sweden,0
2005-10-14,sweden,1
2005-10-28,sweden,0
2006-03-11,sweden,-1
2006-03-30,sweden,1
2006-04-25,sweden,0
2006-05-19,sweden,1
2006-06-02,sweden,0
2006-06-13,sweden,1
2006-09-14,sweden,0
2006-10-16,sweden,0
2006-10-18,sweden,-1
2006-12-13,sweden,1
2007-01-09,sweden,1
2007-01-17,sweden,0
2007-03-10,sweden,1
2007-03-13,sweden,0
2007-04-19,sweden,1
2007-04-24,sweden,0
2007-05-15,sweden,0
2007-05-31,sweden,1
2007-07-23,sweden,-1
2007-08-06,sweden,1
2007-08-06,sweden,1
2007-08-22,sweden,1
2007-09-21,sweden,0
2007-09-24,sweden,0
2007-11-05,sweden,0
2007-11-22,sweden,-1
2007-12-03,sweden,0
2008-04-12,sweden,0
2008-05-02,sweden,0
2008-05-19,sweden,-1
2008-05-28,sweden,1
2008-06-11,sweden,0
2008-06-13,sweden,0
2008-09-06,sweden,0
2009-03-13,sweden,-1
2009-09-21,sweden,-1
2009-10-27,sweden,1
2009-11-19,sweden,0
2010-01-20,sweden,1
2010-02-24,sweden,1
2010-04-15,sweden,0
2010-05-02,sweden,0
2010-05-17,sweden,0
2010-06-17,sweden,1
2010-11-05,sweden,0
2010-11-24,sweden,1
2010-12-02,sweden,0
2011-01-04,sweden,-1
2011-01-17,sweden,0
2011-05-17,sweden,-1
2011-05-24,sweden,0
2011-06-12,sweden,0
2011-06-15,sweden,0
2011-06-15,sweden,0
2011-08-03,sweden,1
2011-08-31,sweden,1
2011-10-11,sweden,0
2011-11-17,sweden,1
2011-12-05,sweden,0
2011-12-21,sweden,0
2012-01-24,sweden,-1
2012-03-30,sweden,0
2012-05-10,sweden,0
2012-09-27,sweden,1
2012-11-10,sweden,0
2013-03-20,sweden,0
2013-04-10,sweden,0
2013-05-14,sweden,0
2013-07-06,sweden,0
2013-12-06,sweden,0
2014-02-06,sweden,-1
2014-03-12,sweden,-1
2014-03-19,sweden,1
2014-05-28,sweden,0
2014-07-11,sweden,0
2014-08-05,sweden,-1
2014-11-24,sweden,0
2015-01-23,sweden,0
2015-03-12,sweden,0
2015-05-22,sweden,-1
2015-08-10,sweden,1
2015-10-08,sweden,1
2016-02-12,sweden,0
2016-06-04,sweden,0
2016-09-23,sweden,1
2016-11-16,sweden,0
2017-01-17,sweden,-1
2017-01-31,sweden,0
2017-08-12,sweden,0
2018-01-29,sweden,0
2018-04-06,sweden,0
2018-04-12,sweden,-1
2018-06-11,sweden,0
2018-11-22,sweden,1
2019-05-13,sweden,0
2019-10-15,sweden,0
2019-12-06,sweden,1
2020-03-03,sweden,0
2020-06-17,sweden,-1
2020-08-12,sweden,0
2021-02-23,sweden,0
2021-05-20,sweden,0
2021-06-10,sweden,1
2021-09-30,sweden,0
2021-12-04,sweden,0
2022-03-23,sweden,1
2022-06-05,sweden,1
1998-03-23,switzerland,1
1998-04-17,switzerland,1
1998-04-17,switzerland,1
1998-04-17,switzerland,1
1998-04-17,switzerland,1
1999-01-10,switzerland,1
1999-06-14,switzerland,1
1999-06-22,switzerland,1
1999-10-12,switzerland,1
1999-10-12,switzerland,1
1999-10-12,switzerland,1
2000-06-15,switzerland,1
2000-07-04,switzerland,1
2001-01-16,switzerland,1
2001-06-14,switzerland,0
2003-12-12,switzerland,0
2004-03-06,switzerland,1
2004-06-17,switzerland,1
2004-06-17,switzerland,1
2004-10-22,switzerland,0
2004-12-16,switzerland,1
2005-02-02,switzerland,0
2005-02-02,switzerland,1
2005-05-05,switzerland,1
2005-05-21,switzerland,0
2005-11-23,switzerland,1
2005-11-23,switzerland,1
2005-11-23,switzerland,1
2006-06-16,switzerland,1
2006-07-04,switzerland,1
2006-09-11,switzerland,0
2006-12-14,switzerland,1
2007-04-27,switzerland,1
2007-06-21,switzerland,-1
2007-06-21,switzerland,1
2007-06-22,switzerland,1
2007-06-29,switzerland,0
2008-06-06,switzerland,0
2008-10-16,switzerland,1
2009-04-16,switzerland,0
2009-10-12,switzerland,0
2010-03-11,switzerland,0
2010-03-18,switzerland,1
2010-09-22,switzerland,0
2010-11-05,switzerland,0
2011-04-28,switzerland,1
2011-05-20,switzerland,0
2011-06-21,switzerland,0
2011-10-05,switzerland,1
2012-03-10,switzerland,1
2012-04-27,switzerland,1
2012-05-01,switzerland,0
2012-08-11,switzerland,1
2012-10-04,switzerland,-1
2014-01-16,switzerland,1
2014-03-27,switzerland,0
2014-04-25,switzerland,0
2014-09-10,switzerland,-1
2014-11-23,switzerland,0
2015-04-24,switzerland,1
2016-03-31,switzerland,0
2016-04-29,switzerland,0
2016-06-04,switzerland,1
2016-06-04,switzerland,0
2016-06-04,switzerland,1
2016-06-04,switzerland,1
2016-09-22,switzerland,1
2016-11-17,switzerland,0
2016-12-15,switzerland,1
2017-02-27,switzerland,1
2017-04-28,switzerland,0
2017-09-11,switzerland,0
2017-09-21,switzerland,1
2017-09-22,switzerland,1
2017-10-05,switzerland,0
2017-10-05,switzerland,1
2017-12-21,switzerland,0
2018-01-16,switzerland,-1
2018-04-27,switzerland,1
2018-05-04,switzerland,1
2018-09-20,switzerland,1
2019-03-09,switzerland,0
2019-03-28,switzerland,1
2019-05-09,switzerland,1
2019-09-19,switzerland,1
2021-09-23,switzerland,1
2021-11-11,switzerland,1
2022-03-31,switzerland,1
2022-09-13,switzerland,1
2022-09-22,switzerland,0
2022-09-22,switzerland,1
2022-11-10,switzerland,-1
1998-11-01,united kingdom,0
1998-11-01,united kingdom,0
1998-12-01,united kingdom,0
1999-05-25,united kingdom,1
1999-06-14,united kingdom,1
1999-06-17,united kingdom,0
1999-08-27,united kingdom,0
1999-09-09,united kingdom,-1
1999-09-16,united kingdom,0
1999-09-22,united kingdom,0
1999-10-14,united kingdom,0
1999-11-05,united kingdom,-1
1999-12-02,united kingdom,0
1999-12-07,united kingdom,1
2000-04-04,united kingdom,0
2000-04-18,united kingdom,1
2000-05-03,united kingdom,1
2000-05-18,united kingdom,0
2000-06-13,united kingdom,1
2000-07-13,united kingdom,1
2000-08-26,united kingdom,0
2000-09-06,united kingdom,0
2000-10-02,united kingdom,1
2000-11-14,united kingdom,0
2001-02-21,united kingdom,0
2001-03-09,united kingdom,0
2001-04-10,united kingdom,1
2001-05-16,united kingdom,0
2001-05-16,united kingdom,1
2001-05-23,united kingdom,1
2001-06-03,united kingdom,0
2001-11-29,united kingdom,0
2001-11-29,united kingdom,1
2001-12-18,united kingdom,0
2002-01-18,united kingdom,1
2002-01-22,united kingdom,1
2002-02-04,united kingdom,1
2002-02-19,united kingdom,0
2002-03-08,united kingdom,-1
2002-04-18,united kingdom,0
2002-05-22,united kingdom,0
2002-09-19,united kingdom,0
2002-12-06,united kingdom,1
2002-12-06,united kingdom,0
2003-01-29,united kingdom,0
2003-03-13,united kingdom,0
2003-03-27,united kingdom,1
2003-06-03,united kingdom,0
2003-06-12,united kingdom,1
2003-07-21,united kingdom,0
2003-08-19,united kingdom,0
2003-10-01,united kingdom,0
2003-11-17,united kingdom,0
2004-01-03,united kingdom,-1
2004-01-04,united kingdom,1
2004-01-12,united kingdom,0
2004-01-19,united kingdom,1
2004-01-20,united kingdom,1
2004-01-22,united kingdom,0
2004-03-26,united kingdom,0
2004-04-22,united kingdom,0
2004-07-28,united kingdom,0
2004-09-15,united kingdom,0
2004-11-22,united kingdom,0
2004-12-01,united kingdom,0
2005-02-04,united kingdom,1
2005-03-12,united kingdom,0
2005-05-17,united kingdom,0
2005-05-17,united kingdom,0
2005-05-18,united kingdom,0
2005-06-23,united kingdom,0
2005-08-26,united kingdom,0
2005-11-28,united kingdom,0
2005-12-01,united kingdom,0
2006-01-23,united kingdom,0
2006-02-20,united kingdom,0
2006-05-25,united kingdom,0
2006-05-30,united kingdom,-1
2006-06-21,united kingdom,0
2006-10-20,united kingdom,0
2006-10-26,united kingdom,1
2006-10-29,united kingdom,1
2006-11-13,united kingdom,0
2006-12-21,united kingdom,0
2007-01-18,united kingdom,1
2007-03-28,united kingdom,0
2007-04-26,united kingdom,1
2007-06-15,united kingdom,0
2007-06-20,united kingdom,1
2007-07-09,united kingdom,0
2007-07-12,united kingdom,1
2007-07-13,united kingdom,0
2007-07-19,united kingdom,1
2007-09-27,united kingdom,0
2007-11-12,united kingdom,1
2008-04-22,united kingdom,1
2008-06-13,united kingdom,-1
2008-07-31,united kingdom,0
2008-11-25,united kingdom,0
2009-02-13,united kingdom,-1
2009-02-17,united kingdom,0
2009-03-27,united kingdom,0
2009-04-28,united kingdom,0
2009-05-14,united kingdom,0
2009-05-28,united kingdom,0
2009-05-29,united kingdom,1
2009-06-30,united kingdom,0
2009-07-02,united kingdom,0
2009-10-13,united kingdom,0
2009-10-22,united kingdom,0
2009-11-16,united kingdom,0
2009-11-17,united kingdom,1
2009-11-19,united kingdom,0
2009-11-26,united kingdom,0
2009-12-01,united kingdom,0
2009-12-06,united kingdom,1
2009-12-16,united kingdom,0
2010-01-21,united kingdom,0
2010-02-18,united kingdom,0
2010-03-10,united kingdom,0
2010-03-19,united kingdom,0
2010-04-27,united kingdom,0
2010-06-11,united kingdom,1
2010-06-14,united kingdom,0
2010-07-13,united kingdom,0
2010-09-02,united kingdom,1
2010-09-03,united kingdom,0
2010-09-21,united kingdom,1
2010-09-30,united kingdom,1
2010-09-30,united kingdom,0
2010-10-11,united kingdom,0
2010-10-25,united kingdom,0
2010-10-27,united kingdom,-1
2010-11-18,united kingdom,0
2010-11-20,united kingdom,0
2011-01-09,united kingdom,1
2011-01-10,united kingdom,0
2011-02-18,united kingdom,0
2011-03-17,united kingdom,-1
2011-03-21,united kingdom,1
2011-03-29,united kingdom,0
2011-03-30,united kingdom,0
2011-04-09,united kingdom,1
2011-04-14,united kingdom,0
2011-05-05,united kingdom,0
2011-05-10,united kingdom,0
2011-05-19,united kingdom,1
2011-05-23,united kingdom,0
2011-06-01,united kingdom,-1
2011-06-02,united kingdom,0
2011-06-29,united kingdom,0
2011-07-08,united kingdom,0
2011-07-12,united kingdom,0
2011-08-01,united kingdom,1
2011-09-01,united kingdom,-1
2011-09-16,united kingdom,0
2011-10-11,united kingdom,0
2011-10-19,united kingdom,0
2011-10-24,united kingdom,1
2011-10-25,united kingdom,1
2011-11-02,united kingdom,-1
2011-11-22,united kingdom,0
2012-01-19,united kingdom,0
2012-01-26,united kingdom,0
2012-02-01,united kingdom,0
2012-02-28,united kingdom,0
2012-03-12,united kingdom,0
2012-03-13,united kingdom,0
2012-03-22,united kingdom,0
2012-03-24,united kingdom,1
2012-03-26,united kingdom,0
2012-03-29,united kingdom,0
2012-03-29,united kingdom,-1
2012-04-27,united kingdom,0
2012-05-02,united kingdom,-1
2012-05-04,united kingdom,0
2012-05-06,united kingdom,0
2012-05-24,united kingdom,0
2012-06-06,united kingdom,0
2012-06-08,united kingdom,0
2012-06-20,united kingdom,-1
2012-06-21,united kingdom,1
2012-07-10,united kingdom,-1
2012-08-31,united kingdom,0
2012-09-08,united kingdom,-1
2012-09-11,united kingdom,0
2012-09-18,united kingdom,1
2012-10-10,united kingdom,0
2012-10-17,united kingdom,0
2012-10-18,united kingdom,0
2012-10-25,united kingdom,0
2012-10-26,united kingdom,1
2012-11-07,united kingdom,0
2012-11-13,united kingdom,0
2012-12-14,united kingdom,0
2013-01-14,united kingdom,0
2013-02-11,united kingdom,0
2013-02-21,united kingdom,0
2013-02-25,united kingdom,1
2013-04-10,united kingdom,0
2013-04-13,united kingdom,1
2013-04-26,united kingdom,1
2013-05-01,united kingdom,1
2013-05-01,united kingdom,0
2013-05-20,united kingdom,0
2013-05-28,united kingdom,0
2013-06-11,united kingdom,0
2013-07-09,united kingdom,1
2013-07-24,united kingdom,1
2013-09-04,united kingdom,0
2013-09-10,united kingdom,1
2013-10-01,united kingdom,0
2013-10-02,united kingdom,1
2013-10-12,united kingdom,0
2013-10-17,united kingdom,1
2013-10-21,united kingdom,0
2013-11-04,united kingdom,0
2013-11-14,united kingdom,-1
2013-12-11,united kingdom,0
2013-12-12,united kingdom,1
2013-12-18,united kingdom,1
2014-03-13,united kingdom,0
2014-03-20,united kingdom,0
2014-03-25,united kingdom,1
2014-03-31,united kingdom,1
2014-04-01,united kingdom,1
2014-04-04,united kingdom,0
2014-05-06,united kingdom,0
2014-05-11,united kingdom,1
2014-05-13,united kingdom,0
2014-06-04,united kingdom,-1
2014-06-10,united kingdom,1
2014-06-18,united kingdom,0
2014-07-01,united kingdom,1
2014-07-24,united kingdom,0
2014-08-23,united kingdom,0
2014-09-12,united kingdom,1
2014-09-25,united kingdom,1
2014-09-30,united kingdom,0
2014-10-01,united kingdom,0
2014-10-12,united kingdom,1
2014-10-15,united kingdom,0
2014-10-16,united kingdom,1
2014-10-20,united kingdom,1
2014-10-20,united kingdom,1
2014-10-23,united kingdom,-1
2014-10-27,united kingdom,0
2014-10-29,united kingdom,0
2014-11-06,united kingdom,1
2014-11-16,united kingdom,0
2014-11-20,united kingdom,-1
2014-11-21,united kingdom,1
2014-11-24,united kingdom,1
2014-11-24,united kingdom,0
2014-12-04,united kingdom,-1
2014-12-04,united kingdom,0
2015-01-20,united kingdom,1
2015-01-22,united kingdom,0
2015-01-23,united kingdom,0
2015-01-29,united kingdom,-1
2015-02-17,united kingdom,0
2015-02-24,united kingdom,0
2015-02-25,united kingdom,1
2015-02-25,united kingdom,1
2015-02-26,united kingdom,1
2015-03-03,united kingdom,0
2015-03-11,united kingdom,1
2015-03-18,united kingdom,1
2015-03-27,united kingdom,0
2015-05-21,united kingdom,0
2015-05-21,united kingdom,0
2015-05-26,united kingdom,1
2015-06-02,united kingdom,1
2015-06-29,united kingdom,0
2015-07-14,united kingdom,0
2015-07-23,united kingdom,1
2015-07-28,united kingdom,0
2015-07-28,united kingdom,0
2015-07-30,united kingdom,0
2015-09-02,united kingdom,1
2015-09-11,united kingdom,-1
2015-09-23,united kingdom,-1
2015-09-29,united kingdom,0
2015-09-30,united kingdom,0
2015-10-10,united kingdom,1
2015-10-22,united kingdom,1
2015-10-22,united kingdom,0
2015-10-30,united kingdom,0
2015-11-03,united kingdom,1
2015-11-03,united kingdom,1
2015-11-11,united kingdom,1
2015-11-12,united kingdom,0
2015-11-12,united kingdom,1
2015-11-18,united kingdom,0
2015-12-02,united kingdom,0
2015-12-07,united kingdom,1
2015-12-18,united kingdom,1
2016-01-27,united kingdom,1
2016-01-27,united kingdom,1
2016-01-27,united kingdom,0
2016-02-05,united kingdom,1
2016-02-16,united kingdom,1
2016-02-17,united kingdom,1
2016-03-02,united kingdom,0
2016-03-07,united kingdom,0
2016-03-08,united kingdom,0
2016-03-09,united kingdom,0
2016-03-23,united kingdom,1
2016-04-01,united kingdom,0
2016-04-04,united kingdom,1
2016-05-05,united kingdom,1
2016-05-05,united kingdom,0
2016-05-09,united kingdom,1
2016-05-10,united kingdom,0
2016-05-11,united kingdom,1
2016-05-13,united kingdom,1
2016-05-13,united kingdom,0
2016-05-18,united kingdom,0
2016-05-19,united kingdom,-1
2016-05-25,united kingdom,-1
2016-05-26,united kingdom,1
2016-06-17,united kingdom,1
2016-09-08,united kingdom,1
2016-09-20,united kingdom,1
2016-09-22,united kingdom,0
2016-09-23,united kingdom,1
2016-09-28,united kingdom,1
2016-09-29,united kingdom,1
2016-10-05,united kingdom,0
2016-10-20,united kingdom,1
2016-10-24,united kingdom,1
2016-11-09,united kingdom,1
2016-11-10,united kingdom,0
2016-11-17,united kingdom,1
2016-11-18,united kingdom,0
2016-11-22,united kingdom,0
2016-11-23,united kingdom,-1
2016-11-24,united kingdom,1
2016-12-06,united kingdom,1
2016-12-14,united kingdom,1
2016-12-15,united kingdom,1
2016-12-21,united kingdom,0
2017-01-16,united kingdom,0
2017-01-25,united kingdom,1
2017-02-09,united kingdom,1
2017-02-13,united kingdom,0
2017-02-21,united kingdom,1
2017-02-22,united kingdom,1
2017-02-22,united kingdom,0
2017-03-03,united kingdom,1
2017-03-07,united kingdom,1
2017-03-20,united kingdom,0
2017-03-31,united kingdom,1
2017-06-13,united kingdom,1
2017-06-13,united kingdom,1
2017-06-16,united kingdom,0
2017-07-10,united kingdom,0
2017-07-17,united kingdom,1
2017-09-12,united kingdom,1
2017-10-04,united kingdom,1
2017-10-05,united kingdom,1
2017-10-06,united kingdom,1
2017-10-06,united kingdom,1
2017-11-07,united kingdom,0
2017-11-16,united kingdom,1
2017-11-27,united kingdom,0
2017-12-07,united kingdom,1
2017-12-20,united kingdom,1
2018-02-19,united kingdom,1
2018-02-26,united kingdom,1
2018-03-06,united kingdom,1
2018-03-22,united kingdom,1
2018-03-26,united kingdom,1
2018-04-06,united kingdom,1
2018-04-10,united kingdom,1
2018-04-12,united kingdom,0
2018-04-13,united kingdom,-1
2018-04-19,united kingdom,1
2018-04-26,united kingdom,0
2018-04-26,united kingdom,1
2018-04-27,united kingdom,1
2018-04-30,united kingdom,1
2018-05-14,united kingdom,1
2018-06-04,united kingdom,0
2018-06-13,united kingdom,0
2018-06-13,united kingdom,0
2018-07-04,united kingdom,0
2018-07-23,united kingdom,0
2018-08-24,united kingdom,0
2018-09-19,united kingdom,1
2018-09-25,united kingdom,1
2018-09-28,united kingdom,-1
2018-10-25,united kingdom,0
2018-11-02,united kingdom,1
2018-11-19,united kingdom,0
2018-11-26,united kingdom,0
2018-12-05,united kingdom,0
2018-12-06,united kingdom,1
2018-12-06,united kingdom,1
2019-01-17,united kingdom,0
2019-01-23,united kingdom,0
2019-02-07,united kingdom,0
2019-02-21,united kingdom,0
2019-03-01,united kingdom,1
2019-03-06,united kingdom,-1
2019-03-11,united kingdom,0
2019-03-19,united kingdom,0
2019-03-21,united kingdom,1
2019-03-28,united kingdom,0
2019-04-08,united kingdom,1
2019-04-10,united kingdom,0
2019-04-15,united kingdom,1
2019-04-29,united kingdom,1
2019-04-30,united kingdom,1
2019-05-07,united kingdom,1
2019-05-08,united kingdom,1
2019-05-14,united kingdom,0
2019-05-14,united kingdom,1
2019-05-15,united kingdom,0
2019-05-15,united kingdom,1
2019-05-16,united kingdom,0
2019-05-16,united kingdom,0
2019-05-17,united kingdom,0
2019-05-24,united kingdom,0
2019-06-04,united kingdom,0
2019-06-05,united kingdom,1
2019-06-05,united kingdom,1
2019-06-13,united kingdom,-1
2019-06-14,united kingdom,1
2019-06-19,united kingdom,1
2019-06-20,united kingdom,1
2019-06-21,united kingdom,0
2019-06-26,united kingdom,1
2019-06-27,united kingdom,1
2019-06-28,united kingdom,1
2019-07-03,united kingdom,0
2019-07-12,united kingdom,0
2019-07-15,united kingdom,1
2019-07-16,united kingdom,1
2019-07-25,united kingdom,0
2019-07-31,united kingdom,0
2019-09-02,united kingdom,0
2019-09-23,united kingdom,1
2019-09-24,united kingdom,0
2019-09-24,united kingdom,1
2019-10-08,united kingdom,1
2019-10-10,united kingdom,1
2019-10-15,united kingdom,0
2019-10-21,united kingdom,1
2019-10-24,united kingdom,1
2019-10-29,united kingdom,1
2019-12-10,united kingdom,1
2020-01-23,united kingdom,1
2020-02-05,united kingdom,1
2020-02-11,united kingdom,1
2020-02-11,united kingdom,0
2020-02-12,united kingdom,1
2020-02-13,united kingdom,0
2020-02-26,united kingdom,1
2020-02-27,united kingdom,1
2020-02-28,united kingdom,1
2020-03-10,united kingdom,0
2020-04-23,united kingdom,0
2020-04-27,united kingdom,1
2020-05-22,united kingdom,0
2020-06-15,united kingdom,0
2020-07-01,united kingdom,0
2020-07-22,united kingdom,1
2020-08-28,united kingdom,0
2020-09-09,united kingdom,0
2020-09-21,united kingdom,0
2020-09-22,united kingdom,1
2020-10-06,united kingdom,0
2020-10-12,united kingdom,1
2020-10-16,united kingdom,1
2020-11-09,united kingdom,1
2020-11-12,united kingdom,0
2020-11-17,united kingdom,0
2020-11-28,united kingdom,1
2020-12-03,united kingdom,1
2021-01-11,united kingdom,1
2021-01-29,united kingdom,1
2021-02-05,united kingdom,0
2021-02-10,united kingdom,1
2021-02-10,united kingdom,0
2021-02-17,united kingdom,1
2021-03-25,united kingdom,1
2021-04-14,united kingdom,1
2021-04-21,united kingdom,1
2021-04-29,united kingdom,0
2021-04-29,united kingdom,0
2021-05-05,united kingdom,1
2021-05-05,united kingdom,0
2021-05-12,united kingdom,0
2021-05-13,united kingdom,0
2021-05-18,united kingdom,1
2021-05-21,united kingdom,0
2021-05-25,united kingdom,0
2021-06-10,united kingdom,-1
2021-06-15,united kingdom,0
2021-07-05,united kingdom,1
2021-07-26,united kingdom,0
2021-07-28,united kingdom,0
2021-09-13,united kingdom,0
2021-09-22,united kingdom,1
2021-10-13,united kingdom,0
2021-10-20,united kingdom,0
2021-11-03,united kingdom,0
2021-11-08,united kingdom,1
2022-03-02,united kingdom,1
2022-03-30,united kingdom,1
2022-04-07,united kingdom,-1
2022-04-21,united kingdom,0
2022-04-21,united kingdom,1
2022-04-26,united kingdom,0
2022-04-28,united kingdom,0
2022-05-03,united kingdom,0
2022-05-19,united kingdom,1
2022-05-20,united kingdom,0
2022-05-25,united kingdom,0
2022-05-26,united kingdom,0
2022-06-01,united kingdom,0
2022-06-08,united kingdom,1
2022-06-24,united kingdom,0
2022-06-28,united kingdom,0
2022-07-08,united kingdom,1
2022-07-11,united kingdom,0
2022-07-12,united kingdom,-1
2022-07-12,united kingdom,0
2022-07-14,united kingdom,0
2022-09-20,united kingdom,0
2022-09-27,united kingdom,0
2022-09-28,united kingdom,0
2022-09-29,united kingdom,1
2022-10-19,united kingdom,1
1997-01-05,united states,0
1997-01-24,united states,1
1997-01-28,united states,1
1997-02-14,united states,1
1997-02-21,united states,0
1997-03-03,united states,1
1997-03-07,united states,0
1997-03-13,united states,1
1997-03-22,united states,0
1997-04-04,united states,1
1997-04-10,united states,1
1997-05-01,united states,0
1997-06-10,united states,-1
1997-09-19,united states,1
1997-09-23,united states,1
1997-10-05,united states,1
1997-10-14,united states,0
1997-10-15,united states,1
1997-10-31,united states,0
1997-11-07,united states,0
1997-12-01,united states,1
1997-12-15,united states,0
1998-02-17,united states,0
1998-02-26,united states,0
1998-03-06,united states,-1
1998-03-09,united states,0
1998-03-16,united states,1
1998-03-19,united states,1
1998-03-19,united states,1
1998-03-26,united states,1
1998-04-02,united states,0
1998-04-16,united states,0
1998-05-12,united states,1
1998-05-20,united states,1
1998-06-09,united states,1
1998-08-28,united states,1
1998-09-18,united states,1
1998-09-28,united states,1
1998-09-29,united states,1
1998-10-16,united states,0
1998-10-22,united states,-1
1998-11-06,united states,0
1999-01-15,united states,0
1999-01-21,united states,0
1999-02-25,united states,0
1999-03-01,united states,0
1999-03-03,united states,1
1999-03-10,united states,0
1999-03-12,united states,0
1999-03-16,united states,0
1999-04-13,united states,1
1999-05-13,united states,0
1999-06-10,united states,1
1999-06-14,united states,1
1999-06-16,united states,0
1999-06-22,united states,0
1999-07-29,united states,1
1999-09-15,united states,1
1999-09-16,united states,1
1999-09-17,united states,1
1999-09-27,united states,1
1999-10-11,united states,1
1999-10-28,united states,1
1999-11-15,united states,1
1999-12-15,united states,1
2000-01-14,united states,1
2000-02-03,united states,1
2000-02-23,united states,0
2000-02-25,united states,1
2000-03-03,united states,0
2000-03-06,united states,1
2000-03-07,united states,0
2000-04-14,united states,0
2000-04-14,united states,0
2000-05-18,united states,1
2000-05-26,united states,1
2000-05-31,united states,0
2000-06-01,united states,0
2000-09-18,united states,1
2000-10-11,united states,0
2000-10-24,united states,1
2000-11-21,united states,1
2000-12-06,united states,1
2001-02-14,united states,1
2001-02-15,united states,0
2001-03-05,united states,1
2001-03-15,united states,1
2001-03-23,united states,1
2001-03-27,united states,0
2001-03-28,united states,0
2001-05-21,united states,1
2001-06-11,united states,1
2001-07-17,united states,1
2001-08-31,united states,0
2001-09-04,united states,1
2001-10-11,united states,1
2001-10-12,united states,0
2001-10-15,united states,0
2001-10-23,united states,1
2001-12-05,united states,1
2002-01-08,united states,0
2002-01-16,united states,0
2002-01-16,united states,1
2002-01-18,united states,1
2002-02-07,united states,1
2002-02-08,united states,0
2002-02-28,united states,1
2002-03-01,united states,1
2002-04-30,united states,0
2002-05-02,united states,1
2002-05-03,united states,-1
2002-05-09,united states,1
2002-05-11,united states,1
2002-05-13,united states,0
2002-05-17,united states,0
2002-05-31,united states,1
2002-06-10,united states,0
2002-06-20,united states,0
2002-07-05,united states,0
2002-07-08,united states,0
2002-10-03,united states,1
2002-10-08,united states,0
2002-10-09,united states,1
2002-10-16,united states,1
2002-10-16,united states,0
2002-11-18,united states,1
2002-12-13,united states,0
2003-01-04,united states,0
2003-02-27,united states,1
2003-03-25,united states,1
2003-04-09,united states,0
2003-04-10,united states,1
2003-04-24,united states,0
2003-05-07,united states,0
2003-05-13,united states,1
2003-05-30,united states,1
2003-06-10,united states,0
2003-06-10,united states,0
2003-06-11,united states,1
2003-06-11,united states,0
2003-06-13,united states,1
2003-06-17,united states,0
2003-06-20,united states,0
2003-08-07,united states,0
2003-08-10,united states,-1
2003-08-18,united states,1
2003-08-29,united states,1
2003-09-04,united states,1
2003-10-01,united states,0
2003-10-17,united states,1
2003-10-24,united states,0
2003-10-31,united states,-1
2003-11-13,united states,1
2003-11-22,united states,1
2003-12-02,united states,1
2004-01-03,united states,1
2004-01-03,united states,0
2004-01-14,united states,0
2004-02-04,united states,0
2004-02-25,united states,1
2004-02-25,united states,0
2004-02-27,united states,0
2004-03-26,united states,0
2004-03-26,united states,0
2004-03-27,united states,1
2004-03-31,united states,0
2004-04-01,united states,1
2004-04-15,united states,1
2004-04-16,united states,1
2004-04-26,united states,1
2004-04-26,united states,1
2004-05-05,united states,1
2004-05-14,united states,0
2004-05-17,united states,-1
2004-05-19,united states,0
2004-05-20,united states,1
2004-06-03,united states,1
2004-06-22,united states,0
2004-07-16,united states,1
2004-08-12,united states,-1
2004-08-12,united states,1
2004-09-28,united states,0
2004-10-04,united states,0
2004-10-21,united states,1
2004-10-29,united states,1
2004-11-05,united states,0
2004-12-02,united states,0
2005-01-07,united states,0
2005-01-09,united states,0
2005-02-07,united states,0
2005-03-11,united states,0
2005-03-14,united states,0
2005-03-30,united states,0
2005-03-31,united states,0
2005-04-21,united states,1
2005-04-27,united states,1
2005-05-15,united states,-1
2005-05-16,united states,1
2005-05-17,united states,1
2005-05-19,united states,1
2005-05-19,united states,1
2005-05-19,united states,1
2005-05-26,united states,1
2005-05-27,united states,1
2005-06-03,united states,1
2005-06-08,united states,1
2005-07-21,united states,0
2005-09-28,united states,1
2005-10-26,united states,0
2005-11-15,united states,1
2005-11-30,united states,1
2005-12-06,united states,1
2006-02-02,united states,1
2006-02-06,united states,1
2006-03-29,united states,1
2006-03-31,united states,1
2006-04-05,united states,1
2006-04-10,united states,1
2006-04-10,united states,0
2006-04-20,united states,1
2006-05-04,united states,1
2006-05-16,united states,1
2006-05-16,united states,1
2006-05-18,united states,1
2006-05-24,united states,1
2006-06-12,united states,0
2006-07-04,united states,1
2006-09-01,united states,1
2006-10-16,united states,1
2006-11-10,united states,0
2006-11-30,united states,1
2006-12-01,united states,1
2007-01-05,united states,1
2007-02-26,united states,1
2007-03-22,united states,0
2007-04-25,united states,1
2007-05-23,united states,1
2007-05-24,united states,-1
2007-06-14,united states,1
2007-06-15,united states,0
2007-07-10,united states,1
2007-08-01,united states,1
2007-10-12,united states,1
2007-10-12,united states,0
2007-10-19,united states,1
2007-11-06,united states,1
2007-11-13,united states,1
2007-11-14,united states,1
2008-01-04,united states,0
2008-01-05,united states,1
2008-02-25,united states,0
2008-03-11,united states,0
2008-04-09,united states,1
2008-05-14,united states,1
2008-06-12,united states,1
2008-09-01,united states,1
2008-09-09,united states,1
2008-10-20,united states,-1
2008-12-03,united states,1
2009-03-07,united states,1
2009-05-11,united states,1
2009-05-22,united states,0
2009-06-26,united states,1
2009-08-25,united states,1
2009-09-10,united states,1
2009-09-14,united states,0
2009-11-02,united states,0
2009-11-10,united states,0
2010-02-03,united states,0
2010-03-26,united states,0
2010-04-08,united states,1
2010-04-08,united states,1
2010-04-21,united states,1
2010-05-01,united states,1
2010-05-08,united states,1
2010-07-12,united states,0
2010-07-15,united states,0
2010-09-17,united states,0
2010-09-24,united states,0
2010-09-30,united states,0
2010-10-19,united states,1
2010-10-19,united states,0
2011-02-02,united states,0
2011-02-25,united states,1
2011-03-31,united states,-1
2011-04-28,united states,1
2011-05-05,united states,1
2011-05-10,united states,1
2011-05-24,united states,0
2011-09-15,united states,1
2011-09-15,united states,0
2011-10-18,united states,1
2011-11-04,united states,0
2011-11-09,united states,0
2011-11-09,united states,0
2011-11-11,united states,1
2012-01-13,united states,0
2012-01-16,united states,0
2012-04-09,united states,1
2012-05-02,united states,0
2012-06-12,united states,0
2012-07-23,united states,0
2012-08-06,united states,1
2012-08-07,united states,1
2012-10-10,united states,0
2012-11-09,united states,0
2012-11-28,united states,1
2012-12-04,united states,0
2013-02-07,united states,0
2013-03-04,united states,0
2013-04-04,united states,1
2013-04-04,united states,1
2013-04-12,united states,1
2013-04-17,united states,1
2013-04-19,united states,0
2013-05-10,united states,0
2013-05-18,united states,1
2013-06-02,united states,0
2013-06-06,united states,0
2013-06-28,united states,1
2013-09-20,united states,0
2013-09-26,united states,1
2013-10-02,united states,1
2013-10-04,united states,0
2013-11-07,united states,0
2013-11-14,united states,1
2014-01-03,united states,0
2014-02-28,united states,0
2014-03-05,united states,1
2014-03-21,united states,0
2014-03-24,united states,1
2014-03-25,united states,1
2014-03-27,united states,0
2014-05-06,united states,1
2014-05-08,united states,0
2014-05-21,united states,0
2014-06-09,united states,0
2014-06-25,united states,1
2014-07-10,united states,1
2014-09-04,united states,0
2014-09-23,united states,0
2014-10-20,united states,1
2014-10-20,united states,-1
2014-11-06,united states,0
2014-11-07,united states,0
2014-11-14,united states,0
2014-12-02,united states,0
2014-12-03,united states,0
2015-01-20,united states,-1
2015-01-30,united states,0
2015-02-04,united states,0
2015-04-02,united states,1
2015-04-30,united states,0
2015-05-04,united states,1
2015-05-14,united states,1
2015-06-24,united states,1
2015-06-25,united states,1
2015-07-09,united states,1
2015-09-28,united states,0
2015-09-30,united states,1
2015-09-30,united states,1
2015-10-19,united states,1
2015-10-20,united states,0
2015-11-04,united states,0
2015-11-17,united states,1
2015-11-17,united states,-1
2015-11-20,united states,1
2015-12-02,united states,1
2016-02-26,united states,1
2016-03-07,united states,0
2016-05-19,united states,1
2016-05-20,united states,0
2016-06-21,united states,-1
2016-07-12,united states,0
2016-09-26,united states,0
2016-09-29,united states,1
2016-10-21,united states,0
2016-10-24,united states,1
2016-11-30,united states,0
2017-01-12,united states,0
2017-02-11,united states,0
2017-03-03,united states,0
2017-03-03,united states,1
2017-03-23,united states,1
2017-03-28,united states,0
2017-04-04,united states,0
2017-04-05,united states,1
2017-04-17,united states,1
2017-04-28,united states,0
2017-05-05,united states,1
2017-06-23,united states,0
2017-07-28,united states,1
2017-09-28,united states,0
2017-10-04,united states,1
2017-10-05,united states,1
2017-10-18,united states,1
2017-11-02,united states,1
2017-11-07,united states,1
2017-11-16,united states,1
2018-01-19,united states,1
2018-02-26,united states,1
2018-03-05,united states,1
2018-04-17,united states,1
2018-05-04,united states,1
2018-05-16,united states,1
2018-05-18,united states,1
2018-07-19,united states,1
2018-10-02,united states,1
2018-10-03,united states,1
2018-11-09,united states,1
2018-11-13,united states,1
2018-11-16,united states,1
2018-12-03,united states,1
2019-02-01,united states,1
2019-02-06,united states,1
2019-02-06,united states,1
2019-02-10,united states,1
2019-02-11,united states,1
2019-02-23,united states,0
2019-03-12,united states,1
2019-03-28,united states,1
2019-04-02,united states,1
2019-04-02,united states,1
2019-04-10,united states,1
2019-04-11,united states,0
2019-05-03,united states,0
2019-05-17,united states,1
2019-06-03,united states,1
2019-06-05,united states,1
2019-06-25,united states,1
2019-08-05,united states,1
2019-09-04,united states,0
2019-09-05,united states,1
2019-09-26,united states,0
2019-09-27,united states,1
2019-10-01,united states,1
2019-10-03,united states,1
2019-10-04,united states,0
2019-10-07,united states,1
2019-10-09,united states,1
2019-10-16,united states,0
2019-10-17,united states,1
2019-10-21,united states,1
2019-11-08,united states,-1
2020-01-08,united states,1
2020-01-17,united states,1
2020-02-05,united states,1
2020-02-10,united states,1
2020-02-11,united states,1
2020-02-21,united states,0
2020-05-21,united states,0
2020-06-19,united states,1
2020-08-19,united states,1
2020-09-21,united states,1
2020-10-01,united states,1
2020-11-16,united states,1
2020-11-17,united states,1
2020-12-04,united states,1
2020-12-11,united states,1
2020-12-17,united states,1
2021-01-12,united states,0
2021-02-16,united states,1
2021-03-22,united states,1
2021-03-30,united states,1
2021-05-17,united states,0
2021-06-28,united states,0
2021-07-11,united states,1
2021-08-05,united states,1
2021-08-17,united states,0
2021-09-09,united states,1
2021-09-24,united states,1
2021-10-05,united states,-1
2021-11-17,united states,1
2021-11-29,united states,1
2021-11-29,united states,1
2022-02-18,united states,1
2022-06-03,united states,0
2022-06-17,united states,1
2022-09-07,united states,1
2022-09-28,united states,1
2022-09-30,united states,1
2022-10-12,united states,1
2022-10-14,united states,1
